time_s,state,state_index,target_x,target_y,target_z,tcp_x,tcp_y,tcp_z,object_x,object_y,object_z,place_x,place_y,place_z,gripper_opening_mm,gripper_gap_mm,gripper_distance_error_mm,attached,tcp_target_error_mm,object_follow_error_mm,motor0_angle_rad,motor1_angle_rad,motor2_angle_rad,motor3_angle_rad,motor0_torque,motor1_torque,motor2_torque,motor3_torque
0.03,STARTING_UP,0,0.0,-120.0,0.0,0.0,5.0,4.252570434990082e-18,27.0,-170.0,0.0,-26.0,-170.0,-13.0,55.0,133.82077292870176,78.82077292870176,0.0,125.0,0.0,-0.03970272557650971,0.03879079783449663,-0.039702722718273846,0.038790799256904165,0.0,0.0,0.0,0.0
0.06,STARTING_UP,0,0.0,-120.0,0.0,1.5932037911170482e-09,-17.160583936902604,-3.830756639363383e-09,27.0,-170.0,0.0,-26.0,-170.0,-13.0,58.0,129.89945501381044,71.89945501381044,0.0,102.83941606309739,0.0,-0.11808047743790359,0.1245419189408519,-0.11808047845885908,0.12454192283917644,0.0,0.0,0.0,0.0
0.09,STARTING_UP,0,0.0,-120.0,0.0,1.1472581995519704e-08,-63.409667345124475,-7.017375682491847e-09,27.0,-170.0,0.0,-26.0,-170.0,-13.0,58.0,122.51292119638866,64.51292119638866,0.0,56.590332654875525,0.0,-0.24564662302429496,0.26580677537396763,-0.24564662526018635,0.26580676890498456,0.0,0.0,0.0,0.0
0.12,STARTING_UP,0,0.0,-120.0,0.0,1.1197317739686241e-08,-128.99416259145903,-8.199063135675907e-09,27.0,-170.0,0.0,-26.0,-170.0,-13.0,58.0,113.81616976275585,55.81616976275585,0.0,8.99416259145903,0.0,-0.40685977329620926,0.4359456871812668,-0.4068597714695301,0.435945685870903,0.0,0.0,0.0,0.0
0.15,STARTING_UP,0,0.0,-120.0,0.0,-2.4958159983157202e-09,-196.17179497475445,-1.2374477715735785e-08,27.0,-170.0,0.0,-26.0,-170.0,-13.0,58.0,109.10271747960509,51.10271747960509,0.0,76.17179497475445,0.0,-0.5377004066652368,0.5623356497280465,-0.5377004096418595,0.5623356444085066,0.0,0.0,0.0,0.0
0.18,STARTING_UP,0,0.0,-120.0,0.0,-4.344855586424501e-08,-238.67461230997787,5.810645486471755e-09,27.0,-170.0,0.0,-26.0,-170.0,-13.0,58.0,107.9434115954015,49.9434115954015,0.0,118.67461230997787,0.0,-0.5794833052171756,0.593538943204347,-0.5794832984375606,0.5935389429387161,0.0,0.0,0.0,0.0
0.21,STARTING_UP,0,0.0,-120.0,0.0,-6.697674681532817e-08,-242.653373890647,-2.4053841449038493e-08,27.0,-170.0,0.0,-26.0,-170.0,-13.0,58.0,106.79544888040992,48.79544888040992,0.0,122.653373890647,0.0,-0.558681967710894,0.5660337055169936,-0.55868196600523,0.5660337129788203,0.0,0.0,0.0,0.0
0.24,STARTING_UP,0,0.0,-120.0,0.0,-1.2125910942017981e-08,-222.07232987658963,-4.681744718640357e-08,27.0,-170.0,0.0,-26.0,-170.0,-13.0,58.0,106.15902314728866,48.159023147288664,0.0,102.07232987658963,0.0,-0.5332275902601542,0.536588005424161,-0.533227589190489,0.5365880107165606,0.0,0.0,0.0,0.0
0.27,STARTING_UP,0,0.0,-120.0,0.0,7.044278227397172e-08,-202.3409204996122,-5.334097321046255e-08,27.0,-170.0,0.0,-26.0,-170.0,-13.0,58.0,106.30947883701246,48.30947883701246,0.0,82.3409204996122,0.0,-0.5260312152697489,0.5264299832128678,-0.526031214516222,0.5264299887295246,0.0,0.0,0.0,0.0
0.30000000000000004,STARTING_UP,0,0.0,-120.0,0.0,1.2863462739431952e-07,-193.88276278806836,-3.9865902448990576e-08,27.0,-170.0,0.0,-26.0,-170.0,-13.0,58.0,106.4464637241655,48.4464637241655,0.0,73.88276278806836,0.0,-0.5338134873037301,0.5333130581871605,-0.5338134884648935,0.5333130623143817,0.0,0.0,0.0,0.0
0.33000000000000007,STARTING_UP,0,0.0,-120.0,0.0,1.3177334512448624e-07,-192.3515433017698,-2.7013706284904904e-09,27.0,-170.0,0.0,-26.0,-170.0,-13.0,58.0,106.21845987640032,48.21845987640032,0.0,72.3515433017698,0.0,-0.5435568550474846,0.5436013270524445,-0.5435568562800587,0.543601329010881,0.0,0.0,0.0,0.0
0.3600000000000001,STARTING_UP,0,0.0,-120.0,0.0,8.422704311783491e-08,-192.36502304158057,2.5363785156255585e-08,27.0,-170.0,0.0,-26.0,-170.0,-13.0,58.0,105.96439255774949,47.96439255774949,0.0,72.36502304158057,0.0,-0.5487532155464083,0.5489717308112874,-0.5487532163655547,0.5489717319781648,0.0,0.0,0.0,0.0
0.3900000000000001,STARTING_UP,0,0.0,-120.0,0.0,3.2873081146078675e-08,-192.2707414605231,3.0702942180847737e-08,27.0,-170.0,0.0,-26.0,-170.0,-13.0,58.0,105.85610530939323,47.85610530939323,0.0,72.27074146052311,0.0,-0.5506446897852391,0.5501016816002572,-0.5506446899837244,0.5501016815421693,0.0,0.0,0.0,0.0
0.42000000000000015,STARTING_UP,0,0.0,-120.0,0.0,-5.54457812995679e-09,-192.08239906384182,1.7918521365897083e-08,27.0,-170.0,0.0,-26.0,-170.0,-13.0,58.0,105.83419372910204,47.83419372910204,0.0,72.08239906384182,0.0,-0.5514684362648136,0.5497980750818017,-0.5514686229672762,0.5497980754401111,0.0,0.0,0.0,0.0
0.4500000000000002,STARTING_UP,0,0.0,-120.0,0.0,-2.1196083110908148e-08,-191.92854148246795,1.0274345367634668e-05,27.0,-170.0,0.0,-26.0,-170.0,-13.0,58.0,105.83527592362044,47.83527592362044,0.0,71.92854148246869,0.0,-0.5520472566817569,0.5494552435406254,-0.5520477348162289,0.5494552443366739,0.0,0.0,0.0,0.0
0.4800000000000002,STARTING_UP,0,0.0,-120.0,0.0,-1.4372808720963803e-08,-191.8307004985541,2.1892134670833648e-05,27.0,-170.0,0.0,-26.0,-170.0,-13.0,58.0,105.83821960926942,47.838219609269416,0.0,71.83070049855745,0.0,-0.5524799398156183,0.5493207944983084,-0.552480646387453,0.5493207957339021,0.0,0.0,0.0,0.0
0.5100000000000002,STARTING_UP,0,0.0,-120.0,0.0,-3.4381297808749878e-09,-191.77308174398752,2.9514922512501734e-05,27.0,-170.0,0.0,-26.0,-170.0,-13.0,58.0,105.83991596322902,47.83991596322902,0.0,71.77308174399359,0.0,-0.5527684215716839,0.5492985185045127,-0.5527692188808683,0.5492985201344567,0.0,0.0,0.0,0.0
0.5400000000000003,STARTING_UP,0,0.0,-120.0,0.0,7.1015158198406425e-09,-191.73945683684568,3.203847335652983e-05,27.0,-170.0,0.0,-26.0,-170.0,-13.0,58.0,105.8407192858544,47.840719285854405,0.0,71.73945683685284,0.0,-0.5529456630422047,0.5493001008682586,-0.5529464305411563,0.5493001035229275,0.0,0.0,0.0,0.0
0.5700000000000003,STARTING_UP,0,0.0,-120.0,0.0,-3.347992372226827e-08,-191.71959075821135,3.072773475418342e-05,27.0,-170.0,0.0,-26.0,-170.0,-13.0,58.0,105.84107148717662,47.84107148717662,0.0,71.71959075821793,0.0,-0.5530515132962861,0.5492968727857361,-0.5530522230949966,0.5492968788451831,0.0,0.0,0.0,0.0
0.6000000000000003,STARTING_UP,0,0.0,-120.0,0.0,2.0046362703141085e-07,-191.70772168103971,2.8420397366385594e-05,27.0,-170.0,0.0,-26.0,-170.0,-13.0,58.0,105.84122431226598,47.84122431226598,0.0,71.70772168104534,0.0,-0.5531147653997848,0.549289332523444,-0.5531153935780219,0.5492893380189848,0.0,0.0,0.0,0.0
0.6300000000000003,STARTING_UP,0,0.0,-120.0,0.0,1.3580656421652293e-07,-191.70060733814202,2.5776732247285734e-05,27.0,-170.0,0.0,-26.0,-170.0,-13.0,58.0,105.8413052618018,47.84130526180181,0.0,71.70060733814665,0.0,-0.5531527113222439,0.5492823989708459,-0.5531532927274685,0.5492824048130486,0.0,0.0,0.0,0.0
0.6600000000000004,STARTING_UP,0,0.0,-120.0,0.0,-5.345184916905055e-08,-191.6963540478404,2.4246251055764622e-05,27.0,-170.0,0.0,-26.0,-170.0,-13.0,58.0,105.8413650621327,47.841365062132695,0.0,71.69635404784451,0.0,-0.5531754668818453,0.5492779768246265,-0.5531760390008406,0.5492779765513058,0.0,0.0,0.0,0.0
0.6900000000000004,STARTING_UP,0,0.0,-120.0,0.0,-7.877530627808937e-09,-191.69382190495594,2.3932605815465448e-05,27.0,-170.0,0.0,-26.0,-170.0,-13.0,58.0,105.84141281307716,47.841412813077156,0.0,71.69382190495993,0.0,-0.5531890739096199,0.5492756391669336,-0.5531896589698962,0.5492756401250456,0.0,0.0,0.0,0.0
0.7200000000000004,STARTING_UP,0,0.0,-120.0,0.0,-8.097068970869259e-08,-191.69231853810527,2.4347238026430464e-05,27.0,-170.0,0.0,-26.0,-170.0,-13.0,58.0,105.84144594915082,47.841445949150824,0.0,71.6923185381094,0.0,-0.5531971909391232,0.5492744628881777,-0.553197794954023,0.5492744625905729,0.0,0.0,0.0,0.0
0.7500000000000004,STARTING_UP,0,0.0,-120.0,0.0,-1.6406989544748285e-08,-191.69142639639423,2.4959827328651946e-05,27.0,-170.0,0.0,-26.0,-170.0,-13.0,58.0,105.8414682628752,47.841468262875196,0.0,71.69142639639858,0.0,-0.5532020234507101,0.5492738180245142,-0.5532026421118051,0.5492738178562618,0.0,0.0,0.0,0.0
0.7800000000000005,STARTING_UP,0,0.0,-120.0,0.0,4.726928271026054e-08,-191.6908963566479,2.5437380244379285e-05,27.0,-170.0,0.0,-26.0,-170.0,-13.0,58.0,105.8414812828163,47.841481282816304,0.0,71.6908963566524,0.0,-0.553204897552531,0.5492734199098104,-0.5532055231365977,0.5492734205275001,0.0,0.0,0.0,0.0
0.8100000000000005,STARTING_UP,0,0.0,-120.0,0.0,9.261347067024417e-08,-191.69058106375073,2.5662876479250587e-05,27.0,-170.0,0.0,-26.0,-170.0,-13.0,58.0,105.84148843227325,47.84148843227325,0.0,71.69058106375532,0.0,-0.5532066067203957,0.5492731632575314,-0.5532072326174352,0.5492731644317992,0.0,0.0,0.0,0.0
0.8400000000000005,STARTING_UP,0,0.0,-120.0,0.0,1.17652577458216e-07,-191.69039341364365,2.5670491018206336e-05,27.0,-170.0,0.0,-26.0,-170.0,-13.0,58.0,105.8414923982882,47.841492398288196,0.0,71.69039341364825,0.0,-0.5532076236465707,0.5492730023087068,-0.5532082462592256,0.5492730035407606,0.0,0.0,0.0,0.0
0.8700000000000006,STARTING_UP,0,0.0,-120.0,0.0,1.200446968496749e-07,-191.6902817559452,2.5560572419727713e-05,27.0,-170.0,0.0,-26.0,-170.0,-13.0,58.0,105.84149471757723,47.841494717577234,0.0,71.69028175594974,0.0,-0.5532082290391339,0.549272905958804,-0.5532088477569455,0.5492729069474576,0.0,0.0,0.0,0.0
0.9000000000000006,STARTING_UP,0,0.0,-120.0,0.0,1.173013615130003e-07,-191.69021535408842,2.5430943254864087e-05,27.0,-170.0,0.0,-26.0,-170.0,-13.0,58.0,105.8414961442833,47.8414961442833,0.0,71.69021535409294,0.0,-0.5532085894317456,0.5492728501279547,-0.5532092054342235,0.5492728507253792,0.0,0.0,0.0,0.0
0.9300000000000006,STARTING_UP,0,0.0,-120.0,0.0,1.0971631958511807e-07,-191.69017588218327,2.5340821581517877e-05,27.0,-170.0,0.0,-26.0,-170.0,-13.0,58.0,105.84149702656876,47.84149702656876,0.0,71.69017588218775,0.0,-0.5532088036408053,0.5492728176040252,-0.5532094185656391,0.5492728181679309,0.0,0.0,0.0,0.0
0.9600000000000006,STARTING_UP,0,0.0,-120.0,0.0,1.0560429419825823e-07,-191.6901524192325,2.5306083301366786e-05,27.0,-170.0,0.0,-26.0,-170.0,-13.0,58.0,105.84149756088249,47.84149756088249,0.0,71.69015241923697,0.0,-0.5532089306626675,0.5492727983345321,-0.5532095457949808,0.5492727990834589,0.0,0.0,0.0,0.0
0.9900000000000007,STARTING_UP,0,0.0,-120.0,0.0,1.0671978856180431e-07,-191.69013846981704,2.5313719889886966e-05,27.0,-170.0,0.0,-26.0,-170.0,-13.0,58.0,105.84149787849088,47.841497878490884,0.0,71.69013846982152,0.0,-0.5532090058698352,0.5492727868702508,-0.5532096218072869,0.5492727877284611,0.0,0.0,0.0,0.0
1.0200000000000007,STARTING_UP,0,0.0,-120.0,0.0,1.0903552372099057e-07,-191.6901301755946,2.534054873716725e-05,27.0,-170.0,0.0,-26.0,-170.0,-13.0,58.0,49.90821230628983,-8.091787693710167,0.0,71.69013017559907,0.0,0.7005386192621909,-0.7833092476249371,0.7005467324707232,-0.7833092963420576,3931.2790387305463,-4307.87870344498,3931.3082164817574,-4307.878724199385
1.0500000000000007,STARTING_UP,0,0.0,-120.0,0.0,-2.2234258523212702e-07,-168.01533896782206,-2.9035287108101354e-05,27.0,-170.0,0.0,-26.0,-170.0,-13.0,58.0,53.49290052552905,-4.507099474470948,0.0,48.015338967830836,0.0,0.6187814513566869,-0.49947507146774384,0.6187792608238515,-0.49947506375088113,1763.6590422931054,-1022.7528879036961,1763.6351656230738,-1022.7527900529749
1.0800000000000007,STARTING_UP,0,0.0,-120.0,0.0,1.7967495136161915e-07,-153.19103471436202,3.7754267603364033e-06,27.0,-170.0,0.0,-26.0,-170.0,-13.0,58.0,60.61850965881669,2.6185096588166914,0.0,33.19103471436224,0.0,0.636109369436034,-0.5503658190730581,0.6361099751520339,-0.5503658245760149,2014.7227282974513,-1814.9495091200217,2014.7310356114515,-1814.9495722127224
1.1100000000000008,STARTING_UP,0,0.0,-120.0,0.0,-2.5144776927277235e-08,-150.05797368197366,-5.87844943989585e-06,27.0,-170.0,0.0,-26.0,-170.0,-13.0,58.0,57.275293419124246,-0.724706580875754,0.0,30.05797368197424,0.0,0.7794873550784508,-0.7532149022848474,0.7794871989124977,-0.7532149156641013,2537.194059974524,-2553.3944477020227,2537.191058456312,-2553.3944312589665
1.1400000000000008,STARTING_UP,0,0.0,-120.0,0.0,-2.830197525227618e-07,-142.5941506202852,2.79885653913306e-06,27.0,-170.0,0.0,-26.0,-170.0,-13.0,58.0,56.9095954927795,-1.090404507220498,0.0,22.59415062028538,0.0,0.7415354663874785,-0.716084563674473,0.741537462876293,-0.7160845488864913,2049.6864573603025,-1943.3699084021837,2049.6942960035803,-1943.3698279340226
1.1700000000000008,STARTING_UP,0,0.0,-120.0,0.0,-4.486946902915179e-08,-143.1692718568448,-8.708656347004374e-06,27.0,-170.0,0.0,-26.0,-170.0,-13.0,58.0,55.906445827291975,-2.093554172708025,0.0,23.169271856846436,0.0,0.8530474582382159,-0.8098492057167854,0.8530473390856274,-0.8098492352665599,2629.5035962118595,-2441.0589823984724,2629.4980474439167,-2441.0590918540183
1.2000000000000008,STARTING_UP,0,0.0,-120.0,0.0,-3.2376306879911e-07,-139.53017864817375,-1.4165053444498404e-06,27.0,-170.0,0.0,-26.0,-170.0,-13.0,58.0,56.76749180331508,-1.2325081966849183,0.0,19.5301786481738,0.0,0.8223986882278344,-0.7608994830746261,0.8223994525453044,-0.7608994629710724,2246.2941439571514,-2026.0745306570516,2246.298327112498,-2026.0743891813202
1.2300000000000009,STARTING_UP,0,0.0,-120.0,0.0,-4.359371619244712e-08,-140.66449807124297,-3.4117252085289016e-06,27.0,-170.0,0.0,-26.0,-170.0,-13.0,58.0,56.197452953994045,-1.8025470460059552,0.0,20.66449807124326,0.0,0.8885009001568069,-0.8212493686950136,0.8885009514561966,-0.8212493810167923,2604.592242345636,-2379.898736114455,2604.5906737483524,-2379.898826728981
1.260000000000001,STARTING_UP,0,0.0,-120.0,0.0,-1.7806872865122614e-07,-138.59959013585507,-6.357445471369665e-07,27.0,-170.0,0.0,-26.0,-170.0,-13.0,58.0,56.66846288649805,-1.3315371135019518,0.0,18.599590135855077,0.0,0.8563820325127811,-0.7839933368344679,0.8563826794570866,-0.7839933371888378,2326.0528867894905,-2092.686306055429,2326.0556057487624,-2092.6863118523047
1.290000000000001,STARTING_UP,0,0.0,-120.0,0.0,-1.7953559794392504e-07,-139.63939767081249,-2.144663303520547e-06,27.0,-170.0,0.0,-26.0,-170.0,-13.0,58.0,56.2687608207409,-1.7312391792590986,0.0,19.639397670812606,0.0,0.8971830975420375,-0.822604156871882,0.8971858216159456,-0.8226041306896194,2570.6794648850396,-2331.5605573754665,2570.687831153245,-2331.5604847920026
1.320000000000001,STARTING_UP,0,0.0,-120.0,0.0,1.8068201779186666e-07,-138.38517349754622,-9.60795627514676e-06,27.0,-170.0,0.0,-26.0,-170.0,-13.0,58.0,56.600402932011605,-1.3995970679883953,0.0,18.38517349754873,0.0,0.8717922054730354,-0.7950776180126564,0.8717926752535623,-0.7950776219938586,2375.996445832543,-2134.5939906900007,2375.9924322173747,-2134.5940851910423
1.350000000000001,STARTING_UP,0,0.0,-120.0,0.0,2.0920825249959307e-07,-139.18886241444864,-6.475270764392388e-06,27.0,-170.0,0.0,-26.0,-170.0,-13.0,58.0,56.3306346463382,-1.669365353661803,0.0,19.18886241444973,0.0,0.8979726027391504,-0.8205383115304143,0.8979764774318215,-0.820538278826457,2541.726095085561,-2298.00379710857,2541.7400435691457,-2298.0036866444607
1.380000000000001,STARTING_UP,0,0.0,-120.0,0.0,1.9143237661722878e-07,-138.38565069318216,-1.4326049114964969e-05,27.0,-170.0,0.0,-26.0,-170.0,-13.0,58.0,56.55562729224587,-1.4443727077541268,0.0,18.385650693187742,0.0,0.8793182400998443,-0.8010829848880893,0.8793189011214936,-0.8010829858120838,2407.144649384631,-2163.213279563915,2407.138694363578,-2163.2133755307304
1.410000000000001,STARTING_UP,0,0.0,-120.0,0.0,1.9738200141006246e-07,-138.96783364152398,-1.0272317184870355e-05,27.0,-170.0,0.0,-26.0,-170.0,-13.0,58.0,56.37058560771097,-1.6294143922890285,0.0,18.967833641526763,0.0,0.8965710973554935,-0.8181548187786397,0.8965758432733385,-0.8181547826514406,2520.0318168030713,-2274.8829954696316,2520.0490503331926,-2274.8828671868796
1.440000000000001,STARTING_UP,0,0.0,-120.0,0.0,1.5565003597117766e-07,-138.43785658126956,-1.673707068921941e-05,27.0,-170.0,0.0,-26.0,-170.0,-13.0,58.0,56.52422495704905,-1.47577504295095,0.0,18.437856581277153,0.0,0.8833720917169618,-0.8046193003895227,0.883373722880068,-0.804619276608408,2427.558293215447,-2182.651215323318,2427.554147888164,-2182.6512418538523
1.470000000000001,STARTING_UP,0,0.0,-120.0,0.0,6.02860144915951e-07,-138.8474815380722,-1.3917719185978575e-05,27.0,-170.0,0.0,-26.0,-170.0,-13.0,58.0,56.39762746156623,-1.6023725384337695,0.0,18.84748153807735,0.0,0.8949348833768931,-0.8161685821932317,0.894939809570804,-0.8161685820269147,2504.5738736086464,-2258.9997954620558,2504.5898298873904,-2258.9998507446535
1.500000000000001,STARTING_UP,0,0.0,-120.0,0.0,-1.865234828812845e-07,-138.4918256924408,-1.8879650508934337e-05,27.0,-170.0,0.0,-26.0,-170.0,-13.0,58.0,56.50259445511239,-1.497405544887613,0.0,18.49182569245045,0.0,0.8857536031502274,-0.8068306267604385,0.8857552678431307,-0.8068306154223479,2441.1868580474998,-2195.908591850074,2441.1827795193694,-2195.9085639989876
1.5300000000000011,STARTING_UP,0,0.0,-120.0,0.0,4.546738807675865e-08,-138.77598684700166,-1.499933736778163e-05,27.0,-170.0,0.0,-26.0,-170.0,-13.0,58.0,56.41595955080623,-1.5840404491937718,0.0,18.77598684700765,0.0,0.8935750121835692,-0.8146832027559806,0.8935801397847938,-0.8146831503074394,2493.7862286787554,-2248.113534254289,2493.8028167692405,-2248.113407205907
1.5600000000000012,STARTING_UP,0,0.0,-120.0,0.0,2.76733887361047e-07,-138.53514151529498,-2.0800522137428418e-05,27.0,-170.0,0.0,-26.0,-170.0,-13.0,58.0,56.487707146006876,-1.5122928539931237,0.0,18.535141515306655,0.0,0.8872425500015847,-0.8082679175118794,0.8872437286595833,-0.8082679049315443,2450.3930773419556,-2204.960404067078,2450.386514768668,-2204.9605180501426
1.5900000000000012,STARTING_UP,0,0.0,-120.0,0.0,4.664379540386676e-07,-138.73088240796136,-1.5640790401001085e-05,27.0,-170.0,0.0,-26.0,-170.0,-13.0,58.0,56.42843920408039,-1.5715607959196092,0.0,18.730882407967897,0.0,0.8925600250242656,-0.8136212702790704,0.8925651526473104,-0.8136212808932561,2486.3359229095977,-2240.658808084625,2486.353630735651,-2240.6588674711384
1.6200000000000012,STARTING_UP,0,0.0,-120.0,0.0,-5.615198643837971e-07,-138.5670035826454,-2.028731914540359e-05,27.0,-170.0,0.0,-26.0,-170.0,-13.0,58.0,56.47749497533449,-1.522505024665513,0.0,18.567003582656504,0.0,0.8882108828933991,-0.8092234248984188,0.8882121192874798,-0.809223373574246,2456.6482390950873,-2211.145060303036,2456.6416999555404,-2211.144876001126
1.6500000000000012,STARTING_UP,0,0.0,-120.0,0.0,4.119237715372037e-07,-138.7013562354839,-1.5460916350657807e-05,27.0,-170.0,0.0,-26.0,-170.0,-13.0,58.0,56.43695352258731,-1.5630464774126906,0.0,18.701356235490294,0.0,0.8918357983391493,-0.8128782763850895,0.8918409539157528,-0.8128782765347244,2481.2164133774313,-2235.557013469954,2481.2341282809107,-2235.5571578846716
1.6800000000000013,STARTING_UP,0,0.0,-120.0,0.0,-3.2529107052425843e-07,-138.58957126583334,-2.00524765477726e-05,27.0,-170.0,0.0,-26.0,-170.0,-13.0,58.0,56.470497263442894,-1.529502736557106,0.0,18.58957126584416,0.0,0.8888547762744806,-0.8098667997533372,0.8888572031793993,-0.8098667985705235,2460.910082177371,-2215.372297474586,2460.9074694427154,-2215.372292976522
1.7100000000000013,STARTING_UP,0,0.0,-120.0,0.0,-2.0507020170867918e-07,-138.6816220920561,-2.0772626640497803e-05,27.0,-170.0,0.0,-26.0,-170.0,-13.0,58.0,56.442767429583235,-1.5572325704167653,0.0,18.681622092067652,0.0,0.8913309977686582,-0.8123640198342044,0.8913338692335007,-0.8123639969819577,2477.7125190328165,-2232.0667145062407,2477.719357470157,-2232.0666555651514
1.7400000000000013,STARTING_UP,0,0.0,-120.0,0.0,-2.0869441730297922e-07,-138.6052735438289,-1.5350679658502567e-05,27.0,-170.0,0.0,-26.0,-170.0,-13.0,58.0,56.46570701207699,-1.5342929879230098,0.0,18.605273543835235,0.0,0.8892887577907492,-0.8103030847693604,0.8892922115050759,-0.8103030254663943,2463.8167680773868,-2218.262232055151,2463.8236787194337,-2218.262123761086
1.7700000000000014,STARTING_UP,0,0.0,-120.0,0.0,5.352779881562242e-07,-138.66828321475265,-1.9562232049174892e-05,27.0,-170.0,0.0,-26.0,-170.0,-13.0,58.0,56.446741884850134,-1.5532581151498661,0.0,18.668283214762905,0.0,0.8909811642656509,-0.8120099734982609,0.8909842142641642,-0.8120099950645456,2475.311191256209,-2229.6788394480322,2475.3154708786915,-2229.6790717034514
1.8000000000000014,STARTING_UP,0,0.0,-120.0,0.0,-2.5000124725949036e-07,-138.61610372657026,-1.7438078939818486e-05,27.0,-170.0,0.0,-26.0,-170.0,-13.0,58.0,56.46242852095013,-1.5375714790498733,0.0,18.61610372657843,0.0,0.8895837619902264,-0.81060004379419,0.8895870244645024,-0.810600001982984,2465.8066471111792,-2220.2383445621535,2465.8127947089006,-2220.2381526567096
1.8300000000000014,STARTING_UP,0,0.0,-120.0,0.0,6.423376230912936e-08,-138.65921416841493,-1.8749040973192483e-05,27.0,-170.0,0.0,-26.0,-170.0,-13.0,58.0,56.449458745658866,-1.5505412543411339,0.0,18.659214168424356,0.0,0.8907406014075863,-0.8117670547558868,0.8907436710918024,-0.8117670110285109,2473.66678127954,-2228.0458567469354,2473.671709252248,-2228.0458828300452
1.8600000000000014,STARTING_UP,0,0.0,-120.0,0.0,5.049439248949739e-07,-138.62354167357225,-1.7142821757255063e-05,27.0,-170.0,0.0,-26.0,-170.0,-13.0,58.0,56.460184381078285,-1.5398156189217147,0.0,18.623541673580146,0.0,0.8897846805471696,-0.8108026382349567,0.8897879205736646,-0.8108026203648588,2467.1669254686813,-2221.589586624237,2467.1729331371093,-2221.589626364306
1.8900000000000015,STARTING_UP,0,0.0,-120.0,0.0,1.977825236920694e-07,-138.6530286506024,-1.82531015750333e-05,27.0,-170.0,0.0,-26.0,-170.0,-13.0,58.0,56.451314155916165,-1.5486858440838347,0.0,18.65302865061134,0.0,0.890575582238679,-0.8116005657636226,0.8905787154903803,-0.8116005511428359,2472.541925311797,-2226.9288151784426,2472.5470976970905,-2226.9287732369694
1.9200000000000015,STARTING_UP,0,0.0,-120.0,0.0,-3.339254890377674e-07,-138.62863799747635,-1.7668677397017583e-05,27.0,-170.0,0.0,-26.0,-170.0,-13.0,58.0,56.45865074544104,-1.541349254558959,0.0,18.62863799748473,0.0,0.8899217892327691,-0.8109409710325169,0.8899250357993591,-0.8109409188681471,2468.097145498977,-2222.513662812276,2468.1029560904485,-2222.513552291891
1.9500000000000015,STARTING_UP,0,0.0,-120.0,0.0,6.401209251549744e-08,-138.64880535071353,-1.8983681351609442e-05,27.0,-170.0,0.0,-26.0,-170.0,-13.0,58.0,56.45258476612241,-1.5474152338775866,0.0,18.648805350723194,0.0,0.8904626692620337,-0.8114865955669317,0.8904657731256185,-0.8114865788886937,2471.773029303881,-2226.1648501092873,2471.778088601937,-2226.1649428329692
1.9800000000000015,STARTING_UP,0,0.0,-120.0,0.0,-1.264598026295971e-08,-138.63212549311376,-1.7677540354594633e-05,27.0,-170.0,0.0,-26.0,-170.0,-13.0,58.0,56.457601511181906,-1.542398488818094,0.0,18.632125493122146,0.0,0.8900154576311147,-0.8110354642822537,0.890018669779761,-0.8110354340365654,2468.7329892865278,-2223.145397818213,2468.7387677774354,-2223.145351324886
2.0100000000000016,STARTING_UP,0,0.0,-120.0,0.0,8.797590833609092e-08,-138.64591888676296,-1.807528162156135e-05,27.0,-170.0,0.0,-26.0,-170.0,-13.0,58.0,56.45345223830965,-1.5465477616903485,0.0,18.645918886771717,0.0,0.8903853250357501,-0.81140862579218,0.8903884536874204,-0.8114085966614093,2471.246946612285,-2225.6425685011545,2471.2521864216023,-2225.6425673201525
2.0400000000000014,STARTING_UP,0,0.0,-120.0,0.0,8.59291109378546e-08,-138.6345119515498,-1.7280013808180887e-05,27.0,-170.0,0.0,-26.0,-170.0,-13.0,58.0,56.45688386659787,-1.5431161334021297,0.0,18.63451195155781,0.0,0.8900794741772051,-0.8111000696936921,0.8900826820226428,-0.8111000337765539,2469.1679342619377,-2223.577434213112,2469.173666401337,-2223.577406425752
2.070000000000001,STARTING_UP,0,0.0,-120.0,0.0,1.214124427662e-07,-138.64394548778472,-1.8082070198252153e-05,27.0,-170.0,0.0,-26.0,-170.0,-13.0,58.0,56.454045674398095,-1.5459543256019046,0.0,18.643945487793488,0.0,0.8903324233412766,-0.8113552903787169,0.8903355472211274,-0.811355230743237,2470.8872259708546,-2225.2853674119265,2470.8924526683486,-2225.2852863174735
2.100000000000001,STARTING_UP,0,0.0,-120.0,0.0,4.798590707011385e-07,-138.6361443286112,-1.7448295763616492e-05,27.0,-170.0,0.0,-26.0,-170.0,-13.0,58.0,56.45639270355857,-1.5436072964414294,0.0,18.636144328619384,0.0,0.8901232725636653,-0.811144239893068,0.8901264652248588,-0.8111442364281695,2469.465464781835,-2223.8728689530703,2469.471139481985,-2223.873014273715
2.130000000000001,STARTING_UP,0,0.0,-120.0,0.0,-1.767235469074535e-07,-138.64259525089136,-1.7991667808162255e-05,27.0,-170.0,0.0,-26.0,-170.0,-13.0,58.0,56.45445228741432,-1.5455477125856802,0.0,18.642595250900044,0.0,0.8902962212023113,-0.8113187618398532,0.8902993839592653,-0.8113187250435692,2470.641110933395,-2225.040924641181,2470.646499274665,-2225.040805563567
2.1600000000000006,STARTING_UP,0,0.0,-120.0,0.0,-1.241863323286907e-07,-138.63726098877186,-1.8015550508193416e-05,27.0,-170.0,0.0,-26.0,-170.0,-13.0,58.0,56.456056477952124,-1.5439435220478757,0.0,18.637260988780564,0.0,0.8901532275199637,-0.8111744781957556,0.8901563753414593,-0.8111744441172792,2469.6690071712433,-2224.075151243401,2469.674441736413,-2224.0751417228385
2.1900000000000004,STARTING_UP,0,0.0,-120.0,0.0,-2.1219379142678463e-08,-138.64167195084548,-1.7693655384606443e-05,27.0,-170.0,0.0,-26.0,-170.0,-13.0,58.0,56.45473077974545,-1.5452692202545535,0.0,18.641671950853876,0.0,0.8902714980516542,-0.8112937726529029,0.8902746713606238,-0.811293759939466,2470.4729024008307,-2224.873606899707,2470.4784558995752,-2224.873664640209
2.22,STARTING_UP,0,0.0,-120.0,0.0,-3.036135494127734e-07,-138.63802411293398,-1.794293514222143e-05,27.0,-170.0,0.0,-26.0,-170.0,-13.0,58.0,56.4558272174806,-1.5441727825193965,0.0,18.638024112942617,0.0,0.8901736976061936,-0.8111951332899464,0.8901768388107285,-0.8111950827497978,2469.808088193684,-2224.213410038419,2469.8134729473977,-2224.213288253785
2.25,STARTING_UP,0,0.0,-120.0,0.0,8.58017052962623e-08,-138.64104084810126,-1.7640079269464013e-05,27.0,-170.0,0.0,-26.0,-170.0,-13.0,58.0,56.45492009811526,-1.5450799018847405,0.0,18.6410408481096,0.0,0.890254551201985,-0.811276711024108,0.8902577429814229,-0.8112766986226418,2470.35777384269,-2224.7593674809427,2470.3633950630087,-2224.759470468624
2.28,STARTING_UP,0,0.0,-120.0,0.0,-2.1387340343181904e-07,-138.63854634379675,-1.82662699391733e-05,27.0,-170.0,0.0,-26.0,-170.0,-13.0,58.0,56.455670098377524,-1.5443299016224756,0.0,18.6385463438057,0.0,0.8901876849686129,-0.8112092533385026,0.8901908487414737,-0.8112092195408636,2469.9032537599346,-2224.3078882491004,2469.908646016946,-2224.307817212788
2.3099999999999996,STARTING_UP,0,0.0,-120.0,0.0,-1.3022934641782058e-07,-138.64060913777666,-1.8221118482888553e-05,27.0,-170.0,0.0,-26.0,-170.0,-13.0,58.0,56.45505048288411,-1.5449495171158887,0.0,18.64060913778557,0.0,0.890242974313184,-0.8112650261079865,0.8902461358022741,-0.8112649879993963,2470.279105933755,-2224.681197890145,2470.2845827648775,-2224.681185500539
2.3399999999999994,STARTING_UP,0,0.0,-120.0,0.0,-3.477017074260402e-08,-138.63890416963926,-1.80927280249636e-05,27.0,-170.0,0.0,-26.0,-170.0,-13.0,58.0,56.45556251928996,-1.5444374807100374,0.0,18.638904169648043,0.0,0.8901972537769813,-0.8112189240755605,0.89020039664222,-0.8112188750232453,2469.9682878756025,-2224.3725905412366,2469.9737189207626,-2224.372547879954
2.369999999999999,STARTING_UP,0,0.0,-120.0,0.0,1.93506832779633e-07,-138.64031424881114,-1.7704827938950802e-05,27.0,-170.0,0.0,-26.0,-170.0,-13.0,58.0,56.455137699301304,-1.5448623006986963,0.0,18.640314248819546,0.0,0.8902350349418181,-0.8112570815411693,0.8902382366547679,-0.81125703845566,2470.225188612327,-2224.6278700894873,2470.2308392984646,-2224.627875146997
2.399999999999999,STARTING_UP,0,0.0,-120.0,0.0,2.0850266224670122e-07,-138.6391477070209,-1.844554865523384e-05,27.0,-170.0,0.0,-26.0,-170.0,-13.0,58.0,56.45548916072624,-1.5445108392737623,0.0,18.639147707030027,0.0,0.8902038223153533,-0.8112255141442068,0.8902069278202001,-0.8112254752950345,2470.012904653711,-2224.4166469483775,2470.018106625802,-2224.4166502220737
2.429999999999999,STARTING_UP,0,0.0,-120.0,0.0,5.3435416091929255e-08,-138.64011234832876,-1.745625883777316e-05,27.0,-170.0,0.0,-26.0,-170.0,-13.0,58.0,56.455200390581744,-1.5447996094182557,0.0,18.64011234833693,0.0,0.8902296507812685,-0.8112515824003362,0.8902328681214502,-0.8112515524564072,2470.1884742576676,-2224.5912007320103,2470.194276580593,-2224.5912103934043
2.4599999999999986,STARTING_UP,0,0.0,-120.0,0.0,-2.0385047783122445e-07,-138.63931468955258,-1.8519368647473052e-05,27.0,-170.0,0.0,-26.0,-170.0,-13.0,58.0,56.455438732832135,-1.5445612671678646,0.0,18.63931468956178,0.0,0.8902082770324711,-0.8112300593634099,0.8902114166330766,-0.8112299849862521,2470.043211826822,-2224.447048043464,2470.0484581441006,-2224.4469066354513
2.4899999999999984,STARTING_UP,0,0.0,-120.0,0.0,3.12517783207511e-07,-138.63997426278368,-1.8045395790909982e-05,27.0,-170.0,0.0,-26.0,-170.0,-13.0,58.0,56.45524046827515,-1.54475953172485,0.0,18.63997426279242,0.0,0.8902259160131554,-0.8112478692800337,0.890229120322128,-0.8112478335084805,2470.163230434225,-2224.566236645949,2470.1689018534253,-2224.5663314173917
2.5199999999999982,STARTING_UP,0,0.0,-120.0,0.0,9.534831235669117e-08,-138.63942935598928,-1.864210202930398e-05,27.0,-170.0,0.0,-26.0,-170.0,-13.0,58.0,56.455404754427754,-1.5445952455722463,0.0,18.6394293559986,0.0,0.8902113447970672,-0.8112331403258253,0.8902145003670302,-0.8112330827836893,2470.0641609180448,-2224.4676450381453,2470.0694587841745,-2224.467563082054
2.549999999999998,STARTING_UP,0,0.0,-120.0,0.0,2.1401024241640698e-07,-138.63987952234726,-1.7973704224611038e-05,27.0,-170.0,0.0,-26.0,-170.0,-13.0,58.0,56.45526956888641,-1.5447304311135923,0.0,18.639879522355923,0.0,0.8902233814331003,-0.8112452918155908,0.8902266042513197,-0.8112452827550175,2470.1460050859996,-2224.549068838579,2470.1516941634477,-2224.5491937904794
2.579999999999998,STARTING_UP,0,0.0,-120.0,0.0,-4.5383575741908544e-07,-138.63950732731757,-1.8546538055050094e-05,27.0,-170.0,0.0,-26.0,-170.0,-13.0,58.0,56.45538145977724,-1.544618540222757,0.0,18.639507327326807,0.0,0.8902134335007815,-0.8112352758843977,0.8902166079170216,-0.8112351782060961,2470.078377418033,-2224.4819001886963,2470.083727195636,-2224.4816228844134
2.6099999999999977,STARTING_UP,0,0.0,-120.0,0.0,4.909762640892268e-07,-138.63981475199276,-1.8204858860889055e-05,27.0,-170.0,0.0,-26.0,-170.0,-13.0,58.0,56.45528902684537,-1.5447109731546291,0.0,18.639814752001655,0.0,0.8902216895100452,-0.8112435582811731,0.890224865112027,-0.811243539911132,2470.1343830274873,-2224.5373358136244,2470.1398855127486,-2224.53755215439
2.6399999999999975,STARTING_UP,0,0.0,-120.0,0.0,-2.8148100739144866e-08,-138.63956017851007,-1.7971017884009684e-05,27.0,-170.0,0.0,-26.0,-170.0,-13.0,58.0,56.45536587562811,-1.544634124371889,0.0,18.63956017851873,0.0,0.8902148719506786,-0.811236678534756,0.8902180342232594,-0.8112366322730588,2470.0880215807447,-2224.491394767824,2470.0934744446126,-2224.491306953656
2.6699999999999973,STARTING_UP,0,0.0,-120.0,0.0,-1.2749923428145848e-07,-138.6397708483496,-1.7666882609113782e-05,27.0,-170.0,0.0,-26.0,-170.0,-13.0,58.0,56.455302230440644,-1.544697769559356,0.0,18.639770848357973,0.0,0.8902204812564618,-0.811242396476106,0.8902236774021388,-0.8112423113404652,2470.1262532398773,-2224.5295672087314,2470.1318358460985,-2224.529437544376
2.699999999999997,STARTING_UP,0,0.0,-120.0,0.0,4.474641084328823e-07,-138.63959712067452,-1.808764750525077e-05,27.0,-170.0,0.0,-26.0,-170.0,-13.0,58.0,56.45535461707015,-1.5446453829298505,0.0,18.639597120683305,0.0,0.8902158435245996,-0.8112376458451839,0.8902190250403796,-0.8112376622446552,2470.0947168271214,-2224.497858939976,2470.1001533190515,-2224.498137442786
2.729999999999997,STARTING_UP,0,0.0,-120.0,0.0,-7.11591680691015e-07,-138.63974056166018,-1.8171800829424028e-05,27.0,-170.0,0.0,-26.0,-170.0,-13.0,58.0,56.4553116262591,-1.5446883737408967,0.0,18.639740561669047,0.0,0.8902197238216217,-0.8112416069357666,0.8902228502425107,-0.8112414605720664,2470.1209292333333,-2224.5242281991127,2470.126255990384,-2224.5237455904867
2.7599999999999967,STARTING_UP,0,0.0,-120.0,0.0,9.209472127125196e-07,-138.63962183450843,-1.7318927295350423e-05,27.0,-170.0,0.0,-26.0,-170.0,-13.0,58.0,56.4553467708836,-1.544653229116399,0.0,18.6396218345165,0.0,0.8902164872955538,-0.8112383425864779,0.8902197083051487,-0.8112383289865921,2470.099043189746,-2224.5023677336235,2470.1047937718627,-2224.502740827302
2.7899999999999965,STARTING_UP,0,0.0,-120.0,0.0,5.2448567267049384e-08,-138.63971993109743,-1.825076390138229e-05,27.0,-170.0,0.0,-26.0,-170.0,-13.0,58.0,56.45531740247682,-1.5446825975231775,0.0,18.639719931106367,0.0,0.8902191472152114,-0.811241025431404,0.8902222893137927,-0.8112409391296576,2470.1171648317977,-2224.5203901733375,2470.122427721981,-2224.5201590933857
2.8199999999999963,STARTING_UP,0,0.0,-120.0,0.0,3.602854592443805e-07,-138.6396390921175,-1.7822194713886744e-05,27.0,-170.0,0.0,-26.0,-170.0,-13.0,58.0,56.45534093083621,-1.5446590691637923,0.0,18.63963909212603,0.0,0.8902169609545888,-0.8112388390838445,0.8902201279483958,-0.8112387840071167,2470.1022317816883,-2224.505663885148,2470.1077856624465,-2224.5057301502434
2.849999999999996,STARTING_UP,0,0.0,-120.0,0.0,1.3768036488670532e-07,-138.63970574869225,-1.7851259678479826e-05,27.0,-170.0,0.0,-26.0,-170.0,-13.0,58.0,56.45532135715981,-1.5446786428401893,0.0,18.6397057487008,0.0,0.8902187596516865,-0.8112406440143132,0.8902219235806331,-0.8112405662314575,2470.114499278716,-2224.517754532452,2470.1199630569536,-2224.5176630954643
2.879999999999996,STARTING_UP,0,0.0,-120.0,0.0,3.170799169893712e-07,-138.63965065408652,-1.7841458812573648e-05,27.0,-170.0,0.0,-26.0,-170.0,-13.0,58.0,56.455337346154565,-1.5446626538454353,0.0,18.639650654095067,0.0,0.890217293426998,-0.8112391060497,0.8902204252505104,-0.8112391077570511,2470.1044381722963,-2224.507751546608,2470.109823634941,-2224.5078468661013
2.9099999999999957,STARTING_UP,0,0.0,-120.0,0.0,-9.537118828006896e-08,-138.63969604597344,-1.7363208145414373e-05,27.0,-170.0,0.0,-26.0,-170.0,-13.0,58.0,56.455324591434035,-1.5446754085659649,0.0,18.639696045981527,0.0,0.8902184718516342,-0.8112403221095236,0.8902216725460874,-0.8112402981705471,2470.1126002016968,-2224.5159575135485,2470.1182695392845,-2224.515868329209
2.9399999999999955,STARTING_UP,0,0.0,-120.0,0.0,3.2945147943053144e-08,-138.63965914476688,-1.8160203470978485e-05,27.0,-170.0,0.0,-26.0,-170.0,-13.0,58.0,56.45533602572094,-1.5446639742790609,0.0,18.639659144775727,0.0,0.8902175307907603,-0.8112393049007243,0.8902206737401197,-0.8112393266416953,2470.106112483233,-2224.509158615907,2470.1113859668935,-2224.5092853486867
2.9699999999999953,STARTING_UP,0,0.0,-120.0,0.0,-5.144162988912626e-07,-138.6396890915617,-1.7633506797959473e-05,27.0,-170.0,0.0,-26.0,-170.0,-13.0,58.0,56.45532703208269,-1.5446729679173075,0.0,18.639689091570055,0.0,0.8902182857071136,-0.8112401413898995,0.8902214972714464,-0.8112400996529855,2470.11132234381,-2224.514766864137,2470.116997819521,-2224.5145854241186
2.999999999999995,STARTING_UP,0,0.0,-120.0,0.0,7.89745104867734e-08,-138.63966473453337,-1.8273573417253858e-05,27.0,-170.0,0.0,-26.0,-170.0,-13.0,58.0,56.455334097491935,-1.544665902508065,0.0,18.639664734542325,0.0,0.8902176572340551,-0.8112394662918845,0.8902208362019496,-0.8112394752648177,2470.107050961911,-2224.5101897323057,2470.1124296647254,-2224.5103395839933
3.029999999999995,WAIT_FOR_MARKERS,1,0.0,-120.0,0.0,-2.378945795911136e-07,-138.63968456649985,-1.8168527977184806e-05,27.0,-170.0,0.0,-26.0,-170.0,-13.0,58.0,56.45532832586744,-1.5446716741325588,0.0,18.63968456650871,0.0,0.8902181924320317,-0.8112400067114997,0.8902213393193996,-0.8112399977678706,2470.110640536243,-2224.5138746681655,2470.1160443765966,-2224.5138236056578
3.0599999999999947,PREGRASP_OPEN,2,0.0,-120.0,0.0,-2.4084644945077116e-07,-138.6396684333971,-1.7575529410727205e-05,27.0,-170.0,0.0,-26.0,-170.0,-13.0,58.0,56.45533275787404,-1.5446672421259606,0.0,18.63966843340539,0.0,0.8902177511792368,-0.8112395846691222,0.8902209473816424,-0.8112395756979833,2470.1076241395335,-2224.5109584343677,2470.113248209923,-2224.5109678426893
3.0899999999999945,PREGRASP_OPEN,2,4.370786380607688,-122.42821465589316,0.0,-2.589854606327435e-07,-138.63968114615432,-1.7983487389665147e-05,27.0,-170.0,0.0,-26.0,-170.0,-13.0,58.0,57.10472973636811,-0.8952702636318932,0.0,16.79033715010005,0.0,0.8486446938983665,-0.8761146035931862,0.8485852132176597,-0.6825421333930123,2339.2730469842495,-2419.1425277265485,2339.0944924633927,-1848.9302678324614
3.1199999999999943,PREGRASP_OPEN,2,8.741572761215377,-124.85642931178631,0.0,2.950961535268595,-140.11667629816702,2.318090204093677e-05,27.0,-170.0,0.0,-26.0,-170.0,-13.0,58.0,57.447878639742804,-0.5521213602571962,0.0,16.32195810728418,0.0,0.8177072867354253,-0.8963215668479587,0.8177064161715442,-0.6436557100911596,2336.7959376631143,-2303.573165495104,2336.8846927257114,-2094.8243020578584
3.149999999999994,APPROACH_PICK,3,13.112359141823065,-127.28464396767947,0.0,5.627090297972668,-141.15042780754064,0.00034490536933559244,27.0,-170.0,0.0,-26.0,-170.0,-13.0,58.0,58.01844136354802,0.018441363548021172,0.0,15.757195539734608,0.0,0.7559904130395436,-0.9530724191856956,0.7559767781731097,-0.5216511090818066,2180.041755741963,-2436.9505804389983,2179.970621304733,-1809.1372718537168
3.179999999999994,APPROACH_PICK,3,15.352292441769524,-131.75484517252372,0.0,9.428959178087824,-143.03000325793766,9.491641259870131e-05,27.0,-170.0,0.0,-26.0,-170.0,-13.0,58.0,58.92881023130839,0.9288102313083897,0.0,12.736367881492853,0.0,0.6753500221539941,-0.9265986078270984,0.6753489520444285,-0.4544795641707752,2028.5428732011778,-2244.848574144901,2028.5385489739704,-1925.6677735852825
3.2099999999999937,APPROACH_PICK,3,17.592225741715986,-136.22504637736796,0.0,11.639235250179329,-145.67905699282366,0.0005830168703832663,27.0,-170.0,0.0,-26.0,-170.0,-13.0,58.0,59.85678373421045,1.8567837342104525,0.0,11.172126603712634,0.0,0.5869591833050594,-0.9578979913875916,0.5869448327902589,-0.336245644506998,1869.2047627872964,-2467.5914584395787,1869.188595032963,-1682.286192127066
3.2399999999999936,APPROACH_PICK,3,19.832159041662443,-140.6952475822122,0.0,14.388470157169397,-148.53126987042344,0.0003126200443247635,27.0,-170.0,0.0,-26.0,-170.0,-13.0,58.0,60.83841799523126,2.8384179952312607,0.0,9.541330833286713,0.0,0.4923720429692333,-0.9393422662908811,0.492347913934945,-0.24803280633311792,1677.1131841403615,-2375.012202169866,1677.0766031089386,-1692.1790774094368
3.2699999999999934,CLOSE_GRIPPER,4,22.0720923416089,-145.16544878705645,0.0,16.49945373245309,-151.61850908371977,0.0009198523910415395,27.0,-170.0,0.0,-26.0,-170.0,-13.0,58.0,61.94986759903853,3.9498675990385266,0.0,8.526211884931957,0.0,0.3971567158823399,-0.9356782902383708,0.39715055190404835,-0.14255735594882574,1483.047276667717,-2465.405112300489,1483.1200985076869,-1536.6199848143658
3.299999999999993,CLOSE_GRIPPER,4,24.31202564155536,-149.6356499919007,0.0,18.774236804401728,-154.7308108543707,0.0006330521867350905,27.0,-170.0,0.0,-26.0,-170.0,-13.0,48.0,63.182891218160584,15.182891218160584,0.0,7.525142511614286,0.0,0.30219664977731225,-0.9115945514863195,0.3021616018654438,-0.04773408559451192,1274.9347216416318,-2437.79149736774,1274.82990632363,-1474.2783655305525
3.329999999999993,CLOSE_GRIPPER,4,26.551958941501816,-154.10585119674494,0.0,20.76079062484384,-157.85167325456095,0.0011565877550992285,27.0,-170.0,0.0,-26.0,-170.0,-13.0,38.0,58.51554367137128,20.515543671371283,0.0,6.897014912147097,0.0,0.1829217379141369,-1.0071626954707555,0.1829024677340334,-0.045756049056144166,777.3692887698771,-2970.7631013014397,777.4553137786437,-1891.0898245221492
3.3599999999999928,CLOSE_GRIPPER,4,27.0,-155.0,0.0,22.561201212208815,-159.1431877455693,0.0012811949414864427,27.0,-170.0,0.0,-26.0,-170.0,-13.0,28.0,23.10094116029305,-4.899058839706949,0.0,6.071979991320173,0.0,-0.041448045538223316,-1.5766870051477067,-0.0414955767228114,-0.5089779239416068,-990.4624508442574,-5194.799345958116,-990.3959817364201,-4597.309056269695
3.3899999999999926,CLOSE_GRIPPER,4,27.0,-155.0,0.0,22.236210574338173,-152.18008287165893,0.0026807938119490053,27.0,-170.0,0.0,-26.0,-170.0,-13.0,18.0,34.522441191767975,16.522441191767975,0.0,5.535849482185572,0.0,-0.16476914078473817,-1.0459864885289893,-0.16476134389133562,-0.0684964743231129,-653.7565030586568,-2036.7041280444691,-653.9704263084972,-1270.2110152557284
3.4199999999999924,CLOSE_GRIPPER,4,27.0,-155.0,0.0,24.649619296273272,-162.59612980069323,-0.00043217629662664517,27.0,-170.0,0.0,-26.0,-170.0,-13.0,14.0,6.743074790895333,-7.256925209104667,0.0,7.951445000011453,0.0,-0.07981792938788948,-1.6957649506815862,-0.08008733940959675,-0.5659251557149967,-878.0147239011029,-5792.011531804144,-879.1106992200037,-5481.933448553482
3.449999999999992,CLOSE_GRIPPER,4,27.0,-155.0,0.0,23.029396072421974,-148.59887190723123,0.005017354825174765,27.0,-170.0,0.0,-26.0,-170.0,-13.0,14.0,23.500805492122595,9.500805492122595,0.0,7.53260655972294,0.0,-0.30419265765195413,-0.9351320871674306,-0.30392163927932414,-0.04431119050589047,-1530.3209655643404,-1568.773631525847,-1528.3101756637122,-1071.647450152017
3.479999999999992,CLOSE_GRIPPER,4,27.0,-155.0,0.0,25.489001220345873,-163.6893462977868,-0.000500031075473453,27.0,-170.0,0.0,-26.0,-170.0,-13.0,14.0,8.712220627180976,-5.287779372819024,0.0,8.819742436432525,0.0,-0.0628356049080418,-1.572334433588366,-0.06310460900524203,-0.49711368160589875,-355.3715973919163,-5618.143637301677,-357.5954095355757,-5225.599756497559
3.509999999999992,CLOSE_GRIPPER,4,27.0,-155.0,0.0,23.834840735751786,-149.1506522631481,0.002800337871189661,27.0,-170.0,0.0,-26.0,-170.0,-13.0,14.0,21.8838888355506,7.8838888355506,0.0,6.65079769325177,0.0,-0.3191078169261083,-0.9716425052794514,-0.31894794141024274,-0.07153869212860897,-1741.9479283108828,-1775.3495917164003,-1739.9646222597135,-1368.8224650523441
3.5399999999999916,CLOSE_GRIPPER,4,27.0,-155.0,0.0,25.53548411668892,-163.5551869479534,0.0013898428402714955,27.0,-170.0,0.0,-26.0,-170.0,-13.0,14.0,10.070700340152193,-3.929299659847807,0.0,8.679633196084128,0.0,-0.08463262618130998,-1.5652179481163981,-0.08474559115817834,-0.4715946700800052,-354.1972052711312,-5506.621377592584,-355.4957280848218,-4894.008449194956
3.5699999999999914,CLOSE_GRIPPER,4,27.0,-155.0,0.0,23.81554864066831,-150.25596144613522,0.00041455762097267635,27.0,-170.0,0.0,-26.0,-170.0,-13.0,14.0,20.662718379007924,6.662718379007924,0.0,5.713723167284439,0.0,-0.3195305872660765,-1.0529348325350594,-0.3195786680748978,-0.09531119135461302,-1746.3619290421746,-2040.2409724879083,-1745.792599464104,-1580.4578810722062
3.599999999999991,CLOSE_GRIPPER,4,27.0,-155.0,0.0,25.476508890807803,-162.81288982272216,0.003360669464382765,27.0,-170.0,0.0,-26.0,-170.0,-13.0,14.0,11.098911443057409,-2.9010885569425913,0.0,7.960042954399326,0.0,-0.1053647443697327,-1.5619394589727906,-0.10535972243635683,-0.44869313639837327,-433.5882481774454,-5210.511933999216,-433.6735540442947,-4631.876579382441
3.629999999999991,CLOSE_GRIPPER,4,27.0,-155.0,0.0,23.82178012181064,-151.3175897219525,-0.00036871310982679924,27.0,-170.0,0.0,-26.0,-170.0,-13.0,14.0,19.74316667054222,5.7431666705422195,0.0,4.864280747031087,0.0,-0.310915082877901,-1.1339655958983512,-0.31109157400822546,-0.12533484444335824,-1692.2806613239686,-2323.7937410259433,-1692.792996385997,-1804.3649511829396
3.659999999999991,CLOSE_GRIPPER,4,27.0,-155.0,0.0,25.29216573257989,-161.91167650207476,0.004631448377379684,27.0,-170.0,0.0,-26.0,-170.0,-13.0,14.0,11.888211860239753,-2.1117881397602467,0.0,7.119549943965614,0.0,-0.12655110165964872,-1.5624961440821306,-0.1265007270112995,-0.4277802040312013,-540.3738574491472,-4948.921508240591,-539.8288106398563,-4376.992136376616
3.6899999999999906,CLOSE_GRIPPER,4,27.0,-155.0,0.0,23.817039127124723,-152.26286260119502,-0.0003972091760913129,27.0,-170.0,0.0,-26.0,-170.0,-13.0,14.0,19.023783877446476,5.023783877446476,0.0,4.197994904233084,0.0,-0.29978825906752715,-1.202204409195037,-0.30002935020051413,-0.15362320434212184,-1613.5610698712903,-2566.2712168811354,-1614.616994111391,-2011.4536426505408
3.7199999999999904,CLOSE_GRIPPER,4,27.0,-155.0,0.0,25.086374473317385,-161.04984764322086,0.005227713185121736,27.0,-170.0,0.0,-26.0,-170.0,-13.0,14.0,12.511395917419405,-1.4886040825805953,0.0,6.345285375106578,0.0,-0.145350514772779,-1.557752015142549,-0.1452808965718475,-0.4089751822658656,-643.9614829722223,-4722.712537737392,-643.1022631243691,-4151.807197793344
3.7499999999999902,CLOSE_GRIPPER,4,27.0,-155.0,0.0,23.811558383160015,-153.07668456798964,-0.00020966748684124806,27.0,-170.0,0.0,-26.0,-170.0,-13.0,14.0,18.451333232129134,4.451333232129134,0.0,3.7236141366912348,0.0,-0.2885872139966742,-1.2569267385619078,-0.2888532351372887,-0.17847776722912456,-1532.9266983398174,-2773.8896261355903,-1534.2242644918024,-2191.498962364516
3.77999999999999,CLOSE_GRIPPER,4,27.0,-155.0,0.0,24.88573953525629,-160.3056364392204,0.005268739976217882,27.0,-170.0,0.0,-26.0,-170.0,-13.0,14.0,13.015471572883746,-0.9845284271162544,0.0,5.711383641253884,0.0,-0.16122100648435533,-1.5499566482480474,-0.16115207363337464,-0.39230128942060283,-735.1198452714387,-4537.60756524924,-734.1625439822232,-3962.026815962805
3.80999999999999,CLOSE_GRIPPER,4,27.0,-155.0,0.0,23.80484966289326,-153.75757176122642,4.635414849699223e-05,27.0,-170.0,0.0,-26.0,-170.0,-13.0,14.0,17.985044206744096,3.985044206744096,0.0,3.4282085128189106,0.0,-0.2785436238349613,-1.29915143432218,-0.2788085874484234,-0.1993549655412606,-1460.6516595866644,-2944.287368570751,-1461.983010289134,-2342.773426058235
3.8399999999999896,CLOSE_GRIPPER,4,27.0,-155.0,0.0,24.71015269753524,-159.69176516193818,0.005009092749450845,27.0,-170.0,0.0,-26.0,-170.0,-13.0,14.0,13.431089719202738,-0.5689102807972617,0.0,5.22073616402822,0.0,-0.1741124322617391,-1.5401069742094402,-0.1740557474044338,-0.37783266827923856,-810.5898551241025,-4387.591712665173,-809.6669251180872,-3806.5044971399866
3.8699999999999894,CLOSE_GRIPPER,4,27.0,-155.0,0.0,23.80251517819496,-154.31691353817973,0.0003161019774367605,27.0,-170.0,0.0,-26.0,-170.0,-13.0,14.0,17.599563843126962,3.599563843126962,0.0,3.2696355148420144,0.0,-0.2700008096577034,-1.3312685554216785,-0.2702511476568594,-0.2165997005739153,-1400.0592503527057,-3082.3370753039553,-1401.309890166901,-2468.122360680194
3.8999999999999893,CLOSE_GRIPPER,4,27.0,-155.0,0.0,24.56474105917866,-159.19491638260274,0.004624565457651182,27.0,-170.0,0.0,-26.0,-170.0,-13.0,14.0,13.777748223093603,-0.22225177690639697,0.0,4.8505495515956545,0.0,-0.1843938978569617,-1.5296463053714628,-0.1843549831823031,-0.3654450390745587,-871.243328471442,-4266.826535219898,-870.4228717849657,-3680.2662337843212
3.929999999999989,CLOSE_GRIPPER,4,27.0,-155.0,0.0,23.806559824684705,-154.77214198463696,0.0005796786821378676,27.0,-170.0,0.0,-26.0,-170.0,-13.0,14.0,17.27795257357124,3.277952573571241,0.0,3.201558958462321,0.0,-0.26291615709544436,-1.3557239425274936,-0.2631462517552892,-0.2307449403362009,-1350.8442014652655,-3193.4766489603094,-1351.9620440839462,-2571.5693671690706
3.959999999999989,CLOSE_GRIPPER,4,27.0,-155.0,0.0,24.448251725660587,-158.7942753847945,0.004223935216709958,27.0,-170.0,0.0,-26.0,-170.0,-13.0,14.0,14.06861973537696,0.06861973537695931,0.0,4.572522585278323,0.0,-0.19254378836093364,-1.5195236607850935,-0.19252415860356495,-0.3549183804841384,-919.3980795219888,-4169.485801288526,-918.7068609008763,-3577.797593074624
3.9899999999999887,CLOSE_GRIPPER,4,27.0,-155.0,0.0,23.816366087487488,-155.14183523316194,0.0008247466482599239,27.0,-170.0,0.0,-26.0,-170.0,-13.0,14.0,17.008402342039748,3.008402342039748,0.0,3.186791929585749,0.0,-0.2570926977388124,-1.3745466334168648,-0.2573011159636136,-0.24233280844553307,-1311.320750507494,-3283.1219503727434,-1312.2884190810043,-2657.000923245396
4.019999999999989,CLOSE_GRIPPER,4,27.0,-155.0,0.0,24.35648420805571,-158.46992220315698,0.0038628578254075196,27.0,-170.0,0.0,-26.0,-170.0,-13.0,14.0,14.313261114194614,0.31326111419461355,0.0,4.362172710919552,0.0,-0.19901914532850934,-1.5102445689697968,-0.19901773735690606,-0.3460078029750241,-957.6086145655003,-4090.6101394796124,-957.0481984196745,-3494.2803509800287
4.049999999999989,CLOSE_GRIPPER,4,27.0,-155.0,0.0,23.830139194389073,-155.44278023944705,0.0010451282421569366,27.0,-170.0,0.0,-26.0,-170.0,-13.0,14.0,16.78206734417198,2.782067344171981,0.0,3.2006363366815327,0.0,-0.25230538919368767,-1.3892437198071383,-0.2524950720858764,-0.25184103251350914,-1279.5572880091145,-3355.836735224297,-1280.3919824668492,-2727.73822831383
4.079999999999989,CLOSE_GRIPPER,4,27.0,-155.0,0.0,24.28461875272108,-158.20552726496288,0.0035454655610512122,27.0,-170.0,0.0,-26.0,-170.0,-13.0,14.0,14.519125464614639,0.519125464614639,0.0,4.201037126094041,0.0,-0.20419790119391396,-1.5019993223718306,-0.2042131605779543,-0.33848079142046106,-988.1040122297308,-4026.2539619005593,-987.6641132451458,-3425.8506155193677
4.10999999999999,LIFT_OBJECT,5,27.0,-155.0,0.0,23.845998965574903,-155.68887451331898,0.0012338687415246242,27.0,-170.0,0.0,-26.0,-170.0,-13.0,14.0,16.59192861067064,2.5919286106706387,1.0,3.228354401655294,14.654556859322554,-0.24835576305798268,-1.4008835445058185,-0.2485284707022697,-0.25966554497898575,-1253.8783709115164,-3415.2199713501673,-1254.5909660295977,-2786.4854960875346
4.13999999999999,LIFT_OBJECT,5,27.0,-150.0,0.0,24.228283354742125,-157.98848947533585,0.0032842388995896195,23.845998965574903,-155.68887451331898,0.0012338687415246242,-26.0,-170.0,-13.0,14.0,14.465187888421484,0.4651878884214842,1.0,8.45567194523158,2.3311744962037086,-0.14265438098957775,-1.5761324526133635,-0.14269293388633889,-0.369358431366257,-711.9280210549562,-4150.637942488492,-711.6577670832113,-3440.4572962621683
4.16999999999999,LIFT_OBJECT,5,27.0,-145.0,0.0,24.059069806073854,-153.6278820751138,0.0013089775738073513,24.228283354742125,-157.98848947533585,0.0032842388995896195,-26.0,-170.0,-13.0,14.0,16.247303263132114,2.247303263132114,1.0,9.115339885107897,4.36388978155745,-0.12782536070340186,-1.535326860980704,-0.12798082881016823,-0.3350038468580309,-834.3785880600489,-3485.7147347693126,-834.9250828491962,-2856.6214176032427
4.19999999999999,LIFT_OBJECT,5,27.0,-140.0,0.0,24.619582969670006,-153.60374232038728,0.0033350655770449378,24.059069806073854,-153.6278820751138,0.0013089775738073513,-26.0,-170.0,-13.0,14.0,14.415191039253996,0.4151910392539957,1.0,13.81043813499208,0.5610363975317645,-0.023299131543549345,-1.7184787147621206,-0.023333976086642255,-0.44880530825198295,-387.3596213868976,-4075.896573588447,-387.11028182668105,-3410.2111149161797
4.229999999999991,LIFT_OBJECT,5,27.0,-135.0,0.0,24.517687410276125,-149.00346680936022,0.0012689110074061024,24.619582969670006,-153.60374232038728,0.0033350655770449378,-26.0,-170.0,-13.0,14.0,15.85977593281443,1.8597759328144292,1.0,14.221777669619577,4.60140432383139,0.015148388629018641,-1.7213505900259993,0.014981673543313936,-0.4325810842901959,-381.2392072891523,-3553.462450344825,-381.86906714562537,-2907.0124920569915
4.259999999999991,LIFT_OBJECT,5,27.0,-130.0,0.0,25.127771341176675,-147.93254759325833,0.0030468452882886545,24.517687410276125,-149.00346680936022,0.0012689110074061024,-26.0,-170.0,-13.0,14.0,14.368948414979126,0.3689484149791262,1.0,18.030016988862236,1.2325070106127796,0.11565444310822698,-1.9105391289163394,0.11560916313420971,-0.5438768728555929,3.527490470319015,-4020.5254590921513,3.7716184045479486,-3391.493248472139
4.289999999999991,LIFT_OBJECT,5,27.0,-125.0,0.0,25.064948114113676,-143.36891152373997,0.0014996028200270658,25.127771341176675,-147.93254759325833,0.0030468452882886545,-26.0,-170.0,-13.0,14.0,15.495813606822374,1.4958136068223737,1.0,18.47055328399417,4.56406872503328,0.16723961061041984,-1.9371353227413268,0.16708476036252431,-0.5409582096972766,71.8277453698552,-3590.6738451604565,71.29579969526515,-2967.7963375958607
4.319999999999991,LIFT_OBJECT,5,27.0,-120.0,0.0,25.612325145429764,-141.65676276536016,0.0028176343500051003,25.064948114113676,-143.36891152373997,0.0014996028200270658,-26.0,-170.0,-13.0,14.0,14.32623532789714,0.32623532789713927,1.0,21.70117561138474,1.7975196027974376,0.26503422191366144,-2.132665116563583,0.26496783842905736,-0.647917765737241,415.39735414157155,-3981.6758408035457,415.53094317803954,-3382.662537927173
4.349999999999992,LIFT_OBJECT,5,27.0,-115.0,0.0,25.554197378661247,-137.2211855858074,0.001769537008761347,25.612325145429764,-141.65676276536016,0.0028176343500051003,-26.0,-170.0,-13.0,14.0,15.177892520987344,1.1778925209873439,1.0,22.26817094397351,4.435958166117741,0.3259265539118312,-2.172825863061304,0.3257781554543697,-0.657114575277456,516.5704964257704,-3614.4233188407284,516.1497213040244,-3038.5406760402852
4.379999999999992,LIFT_OBJECT,5,27.0,-110.0,0.0,25.971052882986946,-135.0600612682049,0.0026735815343173087,25.554197378661247,-137.2211855858074,0.001769537008761347,-26.0,-170.0,-13.0,14.0,14.291254156421314,0.2912541564213136,1.0,25.081176409487465,2.2009606186654205,0.4224142006578915,-2.373184063286196,0.42232555408238076,-0.7596408310231721,826.3374563743672,-3952.0710181319273,826.3791308614062,-3385.0681333492835
4.409999999999992,LIFT_OBJECT,5,27.0,-105.0,0.0,25.893060716131473,-130.8020851256089,0.002044920255823597,25.971052882986946,-135.0600612682049,0.0026735815343173087,-26.0,-170.0,-13.0,14.0,14.920605251744762,0.920605251744762,1.0,25.82581877867647,4.258690409529961,0.49079557538032265,-2.4176045011353495,0.49064585864966626,-0.7813048151605815,943.8903316741957,-3629.1455857029773,943.553733746397,-3118.7273986663563
4.439999999999992,LIFT_OBJECT,5,27.0,-100.0,0.0,26.120365354460027,-128.33074602573592,0.002664866029430138,25.893060716131473,-130.8020851256089,0.002044920255823597,-26.0,-170.0,-13.0,14.0,14.269649922888819,0.26964992288881895,1.0,28.34439864569183,2.4817704828407114,0.5872158488277094,-2.621590702514741,0.5871002272684231,-0.8796629163395454,1222.349600633098,-3932.813733521857,1222.3158516030685,-3398.6074586405707
4.469999999999993,LIFT_OBJECT,5,27.0,-100.0,0.0,26.015522490812632,-124.27550459894245,0.0023777197278495557,26.120365354460027,-128.33074602573592,0.002664866029430138,-26.0,-170.0,-13.0,14.0,14.835343100048608,0.8353431000486076,1.0,24.2954589409816,4.056596496829915,0.5910077907428231,-2.4916828560236235,0.5908702591996695,-0.8577600168794292,1082.8636344892968,-3364.411443097214,1082.6625541948456,-3051.88612438398
4.499999999999993,MOVE_ABOVE_PLACE,6,27.0,-100.0,0.0,26.104048354676284,-124.2029291161501,0.002758192129131489,26.015522490812632,-124.27550459894245,0.0023777197278495557,-26.0,-170.0,-13.0,14.0,14.324841795909622,0.3248417959096219,1.0,24.21950690579328,0.114473464325126,0.632744223489629,-2.677783788522837,0.632606860836542,-0.9221775834403105,1279.9570078456786,-3870.409358653536,1279.8117769058413,-3370.7167784032063
4.529999999999993,MOVE_ABOVE_PLACE,6,22.143945779509473,-100.0,-1.1911076389882425,26.052986125802025,-122.47990932004791,0.002433103565837544,26.104048354676284,-124.2029291161501,0.002758192129131489,-26.0,-170.0,-13.0,14.0,14.714853659854999,0.7148536598549988,1.0,22.848445438818292,1.7237762832398593,0.6221215751047526,-2.353649470413142,0.6734851829834252,-1.0151166376504377,1166.2362876071802,-3090.6572104549296,1319.9682001065703,-3403.4533675334937
4.559999999999993,MOVE_ABOVE_PLACE,6,17.287891559018945,-100.0,-2.382215277976485,22.83281325031655,-122.78886842503638,-0.7973646096225617,26.052986125802025,-122.47990932004791,0.002433103565837544,-26.0,-170.0,-13.0,14.0,14.330844948801873,0.33084494880187343,1.0,23.507242124443795,3.3323633443232237,0.646450722972945,-2.4565210317802153,0.7132064854305563,-1.1026531195598892,1329.5150269512678,-3655.0829249181866,1388.6767992963878,-3410.9862715820286
4.589999999999994,MOVE_ABOVE_PLACE,6,12.431837338528418,-100.0,-3.5733229169647274,20.10071313529106,-122.02872410914337,-1.5113399276177661,22.83281325031655,-122.78886842503638,-0.7973646096225617,-26.0,-170.0,-13.0,14.0,14.670330119802278,0.6703301198022782,1.0,23.416406976974123,2.924371928160493,0.6377567203263615,-2.224389950991372,0.7538848645650187,-1.2270996624736703,1269.712992886751,-3209.96122932376,1443.429685437299,-3502.3915735383157
4.619999999999994,MOVE_ABOVE_PLACE,6,7.57578311803789,-100.0,-4.76443055595297,15.820692714515861,-122.29688988318358,-2.5531410050505725,20.10071313529106,-122.02872410914337,-1.5113399276177661,-26.0,-170.0,-13.0,14.0,14.336689994641116,0.33668999464111593,1.0,23.875083962047945,4.413143683312322,0.6406054524526562,-2.196089947185083,0.7936714962519141,-1.356963069875501,1339.52585439337,-3518.407284209728,1503.3293459846395,-3547.795200497881
4.649999999999994,MOVE_ABOVE_PLACE,6,2.7197288975473635,-100.0,-5.955538194941212,11.993980120047642,-121.8513534710563,-3.540306812443779,15.820692714515861,-122.29688988318358,-2.5531410050505725,-26.0,-170.0,-13.0,14.0,14.624914723490015,0.624914723490015,1.0,23.860568452702307,3.9770250573109576,0.6243883575561444,-1.9925688120343126,0.828606247714747,-1.50332682318874,1300.4773157599525,-3256.51634274804,1538.9991188293332,-3601.5860307739595
4.679999999999994,MOVE_ABOVE_PLACE,6,-2.136325322943163,-100.0,-7.146645833929455,7.342653324119686,-122.05315804817027,-4.677233420972853,11.993980120047642,-121.8513534710563,-3.540306812443779,-26.0,-170.0,-13.0,14.0,14.348203232349126,0.3482032323491264,1.0,24.130702719861162,4.792511675837941,0.6117452201075215,-1.9029634931270878,0.8616978294564641,-1.6568025901774233,1316.5024805065211,-3424.56591819532,1580.9295022643557,-3650.211971253462
4.709999999999995,MOVE_ABOVE_PLACE,6,-6.99237954343369,-100.0,-8.337753472917697,3.064817762569713,-121.71970612393483,-5.761573994560562,7.342653324119686,-122.05315804817027,-4.677233420972853,-26.0,-170.0,-13.0,14.0,14.596575230504687,0.596575230504687,1.0,24.073420040922365,4.4257046621940805,0.5844255460958204,-1.7131054253769706,0.8865814180232553,-1.8141338157674942,1264.2522484353146,-3235.487396397792,1592.301616591849,-3673.425578376479
4.739999999999995,MOVE_ABOVE_PLACE,6,-11.848433763924216,-100.0,-9.52886111190594,-1.6901109714596059,-121.88766371483129,-6.934635541454187,3.064817762569713,-121.71970612393483,-5.761573994560562,-26.0,-170.0,-13.0,14.0,14.383985517164747,0.3839855171647475,1.0,24.269144013743748,4.900370436083161,0.558796837136291,-1.5966280664357528,0.9086792366986426,-1.9813676641974771,1245.0305444473322,-3340.6664590575965,1609.9487370370355,-3720.99746827168
4.769999999999995,MOVE_ABOVE_PLACE,6,-16.704487984414744,-100.0,-10.719968750894182,-6.141071967937634,-121.63249552799373,-8.047870858196223,-1.6901109714596059,-121.88766371483129,-6.934635541454187,-26.0,-170.0,-13.0,14.0,14.599305516455795,0.5993055164557948,1.0,24.22169952447587,4.595155869628841,0.5201517446630405,-1.4197924776572137,0.9206368253687035,-2.1414879081188505,1169.7126147848282,-3188.6708143925885,1593.6342897115132,-3719.3293054803726
4.799999999999995,MOVE_ABOVE_PLACE,6,-21.560542204905268,-100.0,-11.911076389882425,-10.894279833234016,-121.79744300775153,-9.229592408772675,-6.141071967937634,-121.63249552799373,-8.047870858196223,-26.0,-170.0,-13.0,14.0,14.450344214653128,0.45034421465312846,1.0,24.414914109995433,4.9006793921751965,0.48301015723679513,-1.2919528490705687,0.9288522475828853,-2.312358853575963,1120.811348457181,-3249.855087926946,1582.3782946831527,-3762.783600110183
4.829999999999996,MOVE_ABOVE_PLACE,6,-26.0,-100.0,-13.0,-15.402170684968254,-121.62669079700173,-10.341055783464114,-10.894279833234016,-121.79744300775153,-9.229592408772675,-26.0,-170.0,-13.0,14.0,14.628487735162512,0.628487735162512,1.0,24.230099574007433,4.646029173596057,0.43734209494500925,-1.139276439301456,0.9256559752739635,-2.4496568816594597,1030.9616632470634,-3142.3200650253266,1536.0006541759483,-3717.4624351213884
4.859999999999996,LOWER_TO_PLACE,7,-26.0,-100.0,-13.0,-19.831237746473263,-121.79645184325871,-11.446161046975085,-15.402170684968254,-121.62669079700173,-10.341055783464114,-26.0,-170.0,-13.0,14.0,14.456171318801575,0.4561713188015748,1.0,22.705800056108348,4.568009576563356,0.43095620305098375,-1.128424450085848,0.9151494748954089,-2.435182164212374,1079.9413700384569,-3416.06107242126,1491.4933222161208,-3504.681959892072
4.889999999999996,LOWER_TO_PLACE,7,-26.0,-105.0,-13.0,-21.212434029896794,-121.631724276281,-11.767482920881562,-19.831237746473263,-121.79645184325871,-11.446161046975085,-26.0,-170.0,-13.0,14.0,14.738578714716663,0.7385787147166631,1.0,17.35091175329538,1.4276155264342492,0.34056240069888927,-0.9569100675744171,0.826743544276835,-2.4085652686049346,727.2362420814198,-2949.162717828608,1222.1582048846476,-3499.4815008797855
4.919999999999996,LOWER_TO_PLACE,7,-26.0,-110.0,-13.0,-23.208124943658536,-124.48268154781877,-12.117077496988529,-21.212434029896794,-121.631724276281,-11.767482920881562,-26.0,-170.0,-13.0,14.0,14.591021042050546,0.5910210420505457,1.0,14.775729535020462,3.4975642889085896,0.29131717154625997,-0.9377838932359714,0.7684030666798032,-2.378235517007392,682.9922418629401,-3310.9152052089926,1177.79684973809,-3536.5063444442085
4.949999999999997,LOWER_TO_PLACE,7,-26.0,-115.0,-13.0,-23.55386805684737,-126.48463558184142,-12.018594930076187,-23.208124943658536,-124.48268154781877,-12.117077496988529,-26.0,-170.0,-13.0,14.0,14.84073563653938,0.8407356365393799,1.0,11.78319022346163,2.0339756809368925,0.20051128400955606,-0.8168663168476918,0.6703979588621398,-2.290376697022671,362.6318016021353,-2985.610872330123,910.4286645368223,-3460.2429932430337
4.979999999999997,LOWER_TO_PLACE,7,-26.0,-120.0,-13.0,-24.441626581046066,-129.9873501232306,-12.067465179049382,-23.55386805684737,-126.48463558184142,-12.018594930076187,-26.0,-170.0,-13.0,14.0,14.756351909944854,0.7563519099448541,1.0,10.151123651556123,3.613794772393899,0.14181853563911917,-0.7801994614847673,0.5915297885177592,-2.21134810131729,246.7535849613511,-3201.473696027673,773.0759297681474,-3493.83526986199
5.009999999999997,LOWER_TO_PLACE,7,-26.0,-125.0,-13.0,-24.45695710553823,-132.7082140117388,-11.79345423513779,-24.441626581046066,-129.9873501232306,-12.067465179049382,-26.0,-170.0,-13.0,14.0,14.990297751945931,0.9902977519459313,1.0,7.953194157545891,2.734669508761957,0.05590661229112025,-0.6881231267234412,0.4962581017560984,-2.1035262110815465,-57.498074596797615,-3004.200482147645,522.1277145682329,-3452.487799132404
5.039999999999997,LOWER_TO_PLACE,7,-26.0,-130.0,-13.0,-24.80082805785296,-136.2862112685086,-11.687474411516689,-24.45695710553823,-132.7082140117388,-11.79345423513779,-26.0,-170.0,-13.0,14.0,14.952817646350832,0.952817646350832,1.0,6.532778036913592,3.5960455119913113,-0.006873330170734271,-0.6428135331128599,0.412383402549481,-2.0126879420779398,-211.51102831395266,-3130.555537526626,333.70020672553716,-3496.0575072289253
5.069999999999998,RELEASE_OBJECT,8,-26.0,-135.0,-13.0,-24.681670499327304,-139.23891503671354,-11.363147678529971,-24.80082805785296,-136.2862112685086,-11.687474411516689,-26.0,-170.0,-13.0,24.0,15.182234945245806,-8.817765054754194,1.0,4.731350640474859,2.972851475646789,-0.08794534071022658,-0.5673009272201752,0.3210398391183776,-1.9004733891228884,-497.6462128719681,-3012.1969812389602,83.61639611810376,-3465.1052298224217
5.099999999999998,RELEASE_OBJECT,8,-26.0,-140.0,-13.0,-24.717099341126914,-142.7235339611633,-11.183324814752838,-24.681670499327304,-139.23891503671354,-11.363147678529971,-26.0,-170.0,-13.0,34.0,33.809185431919346,-0.1908145680806541,1.0,3.516216726375047,3.4894355580525755,-0.03446004736543727,-0.29726370323129075,0.4173842207806116,-1.4562488690801372,286.8548367588451,-1975.5016446367374,956.0403602683506,-2606.1573971650987
5.129999999999998,RELEASE_OBJECT,8,-26.0,-145.0,-13.0,-25.215461779079412,-148.74917994496812,-11.690440001399473,-24.717099341126914,-142.7235339611633,-11.183324814752838,-26.0,-170.0,-13.0,44.0,45.95757087684695,1.957570876846951,1.0,4.048061001241336,6.067449254359923,0.027188067568317813,-0.19379936748350862,0.47855227894027014,-1.3186849347482348,670.6724173016711,-2105.567219250529,1216.0176309230774,-2905.1815672632483
5.159999999999998,RELEASE_OBJECT,8,-26.0,-150.0,-13.0,-25.20719063397822,-151.37470117003735,-11.583515447564725,-25.215461779079412,-148.74917994496812,-11.690440001399473,-26.0,-170.0,-13.0,54.0,54.75857225156442,0.7585722515644235,1.0,2.1271526708352853,2.627710595812085,-0.038657974464288244,-0.04379930898455657,0.4237315411685248,-1.0892315096269554,445.2058175939627,-1611.1181644306623,1073.109551783532,-2479.1580548516936
5.189999999999999,RELEASE_OBJECT,8,-26.0,-155.0,-13.0,-25.03573782226617,-156.80684074749536,-11.810045227584107,-25.20719063397822,-151.37470117003735,-11.583515447564725,-26.0,-170.0,-13.0,58.0,62.298028903793586,4.298028903793586,1.0,2.3686425214905116,5.439563603531556,-0.05761477683712113,0.06955644834666369,0.40695426014450875,-0.9665461878443838,724.7881959521593,-1378.2851592881484,1331.8555350157083,-2520.5827930856744
5.219999999999999,RELEASE_OBJECT,8,-26.0,-155.0,-13.0,-24.752925450488924,-160.26559509521087,-11.735262427308855,-25.03573782226617,-156.80684074749536,-11.810045227584107,-26.0,-170.0,-13.0,58.0,65.22294245361847,7.222942453618472,1.0,5.557089864895448,3.4711031305174784,-0.07986044969821512,0.1182881783797443,0.39542460112745326,-0.916364936645374,677.4026868552069,-1337.082748608933,1345.2564377018707,-2545.787775925977
5.249999999999999,RELEASE_OBJECT,8,-26.0,-155.0,-13.0,-24.556748695280596,-161.68465820576623,-11.787420820942806,-24.752925450488924,-160.26559509521087,-11.735262427308855,-26.0,-170.0,-13.0,58.0,65.48589340937504,7.485893409375038,1.0,6.945356572702011,1.433508259149415,-0.10294188451608764,0.13174252676798248,0.3612338774771774,-0.8887335920138291,597.1137443610199,-1352.633248821852,1199.4248983101209,-2528.7045125622108
5.279999999999999,RELEASE_OBJECT,8,-26.0,-155.0,-13.0,-24.33706088454307,-162.59732459958656,-11.65782993750701,-24.556748695280596,-161.68465820576623,-11.787420820942806,-26.0,-170.0,-13.0,58.0,65.45247141923775,7.452471419237753,1.0,7.892156109065009,0.9476373133563938,-0.11863205460879896,0.13908045852391393,0.3492878949442083,-0.8778402911732065,561.9310845968861,-1333.2249065263732,1215.8022189340525,-2546.6022754745018
5.31,RELEASE_OBJECT,8,-26.0,-155.0,-13.0,-24.22267071921472,-163.0344058049576,-11.667776203445477,-24.33706088454307,-162.59732459958656,-11.65782993750701,-26.0,-170.0,-13.0,58.0,65.57257362263401,7.57257362263401,1.0,8.33579007984122,0.45191151591718814,-0.12409524032928436,0.14373132273266406,0.3383543024274559,-0.8659669006562856,564.2145356842871,-1326.0790603489245,1180.412695953366,-2521.6629490097916
5.34,RELEASE_OBJECT,8,-26.0,-155.0,-13.0,-24.13094654508363,-163.35295528338418,-11.599034618030686,-24.22267071921472,-163.0344058049576,-11.667776203445477,-26.0,-170.0,-13.0,58.0,65.63106269679555,7.631062696795553,1.0,8.67340341417525,0.3385446793131041,-0.12774531763983168,0.14496233020444943,0.33637736984110145,-0.8619470205887422,551.4056560405738,-1328.6495313220405,1191.8670194233011,-2532.5227098948603
5.37,RELEASE_OBJECT,8,-26.0,-155.0,-13.0,-24.07352735078375,-163.46531599552821,-11.601104377950097,-24.13094654508363,-163.35295528338418,-11.599034618030686,-26.0,-170.0,-13.0,58.0,65.67820704045072,7.678207040450715,1.0,8.793735311783868,0.1261989596378954,-0.129256827334674,0.1462510207455675,0.3320538580805203,-0.8577123341131033,550.9434463520686,-1325.1094376780054,1172.4017696986853,-2523.0168887414707
5.4,RELEASE_OBJECT,8,-26.0,-155.0,-13.0,-24.035307171028247,-163.5762729169865,-11.566931818940876,-24.07352735078375,-163.46531599552821,-11.601104377950097,-26.0,-170.0,-13.0,58.0,65.67910189208659,7.679101892086592,1.0,8.914379365408085,0.122229228702811,-0.13028082153782777,0.14600176856652,0.33190594392976996,-0.856783238600842,547.0905824051038,-1328.7291500846977,1180.7681150017652,-2528.704964676545
5.430000000000001,RELEASE_OBJECT,8,-26.0,-155.0,-13.0,-24.009671946800466,-163.59830855704044,-11.568876043053672,-24.035307171028247,-163.5762729169865,-11.566931818940876,-26.0,-170.0,-13.0,58.0,65.69862379441781,7.698623794417813,1.0,8.940941314066077,0.03386021501992683,-0.13073290704569113,0.14655683097796554,0.3300925953906501,-0.8550183362331522,547.2427844174346,-1325.698776253015,1171.2922941135646,-2523.0587210500516
5.460000000000001,RELEASE_OBJECT,8,-26.0,-155.0,-13.0,-23.995327040200067,-163.64282484701985,-11.553196973683463,-24.009671946800466,-163.59830855704044,-11.568876043053672,-26.0,-170.0,-13.0,58.0,65.69470273155986,7.6947027315598575,1.0,8.989459049852524,0.04932858841707505,-0.13090357436787073,0.146184951957187,0.33040343939145733,-0.8549099422949625,546.5068102714381,-1328.5929496290628,1176.7352937955313,-2526.5983652003115
5.490000000000001,RELEASE_OBJECT,8,-26.0,-155.0,-13.0,-23.984043831269744,-163.64135992475656,-11.554861929898816,-23.995327040200067,-163.64282484701985,-11.553196973683463,-26.0,-170.0,-13.0,58.0,65.70517402655219,7.705174026552186,1.0,8.990306149686226,0.011499081711243479,-0.13109285351450978,0.14650248462788829,0.32956432142621994,-0.8541132987179926,546.191941422056,-1326.365015921366,1171.6088054281722,-2523.347802568252
5.520000000000001,RELEASE_OBJECT,8,-26.0,-155.0,-13.0,-23.978990779570466,-163.6617854855864,-11.547855404446732,-23.984043831269744,-163.64135992475656,-11.554861929898816,-26.0,-170.0,-13.0,58.0,65.70031052237695,7.700310522376952,1.0,9.012198954404571,0.02217720148259432,-0.13105369292801972,0.14621096010593942,0.3298675593976098,-0.8542344198917238,546.4080857060457,-1328.3993833458696,1174.9589647348375,-2525.6573558325285
5.550000000000002,RELEASE_OBJECT,8,-26.0,-155.0,-13.0,-23.973973438944583,-163.65587166829798,-11.54899508689818,-23.978990779570466,-163.6617854855864,-11.547855404446732,-26.0,-170.0,-13.0,58.0,65.70638432887459,7.7063843288745915,1.0,9.007458754942553,0.007838738289230634,-0.13117273838811208,0.14641952660584442,0.32943992620513163,-0.8538314205131697,545.9248252366177,-1326.8279461971683,1172.0778710274828,-2523.6299416275806
5.580000000000002,RELEASE_OBJECT,8,-26.0,-155.0,-13.0,-23.972445856450403,-163.666654161304,-11.545939942445466,-23.973973438944583,-163.65587166829798,-11.54899508689818,-26.0,-170.0,-13.0,58.0,65.7025022175035,7.702502217503493,1.0,9.018656263970176,0.011310595533760638,-0.1310922604426793,0.1462191294184068,0.3296620858021891,-0.8539761643629178,546.3879564989096,-1328.208058011674,1174.1251410359664,-2525.1492518487744
5.610000000000002,RELEASE_OBJECT,8,-26.0,-155.0,-13.0,-23.970152782236905,-163.66120366495826,-11.54659979895538,-23.972445856450403,-163.666654161304,-11.545939942445466,-26.0,-170.0,-13.0,58.0,65.70634680994186,7.706346809941863,1.0,9.013828309755162,0.005949916837830966,-0.13118062183826656,0.1463611290021112,0.3294273306132759,-0.8537501629683438,545.8967365333808,-1327.1333647087783,1172.4444739650412,-2523.845989003994
5.640000000000002,RELEASE_OBJECT,8,-26.0,-155.0,-13.0,-23.969861658656868,-163.6675040940435,-11.545301744691468,-23.970152782236905,-163.66120366495826,-11.54659979895538,-26.0,-170.0,-13.0,58.0,65.703534263413,7.703534263413005,1.0,9.020157200362412,0.006439340375295956,-0.13110626648861495,0.1462283467502927,0.3295757973085102,-0.8538696956843799,546.3536012938366,-1328.0512324959561,1173.6967747794477,-2524.8614162419426
5.670000000000003,RETURN_IDLE,9,-26.0,-155.0,-13.0,-23.968733708822626,-163.66341196295127,-11.545634032150419,-26.0,-170.0,-13.0,-26.0,-170.0,-13.0,58.0,65.70604682949977,7.706046829499769,0.0,9.016425564153446,0.0,-0.13117330114592476,0.14632615768127658,0.3294393805024431,-0.8537345982987762,545.9331592003903,-1327.3227162227086,1172.6892188626036,-2524.011065180347
5.700000000000003,RETURN_IDLE,9,-23.142684615284924,-151.15361390519124,-11.571342307642462,-23.968834931973912,-163.66733101647407,-11.54510613694699,-26.0,-170.0,-13.0,-26.0,-170.0,-13.0,58.0,63.994841934696815,5.994841934696815,0.0,12.540985951017996,0.0,-0.04859287207045221,0.05316782506281116,0.3695898530894885,-0.8605488783734472,852.8595509519188,-1634.145202143692,1323.742207481365,-2516.7456720413597
5.730000000000003,RETURN_IDLE,9,-20.28536923056985,-147.30722781038247,-10.142684615284924,-22.261489844366167,-161.72088614786327,-10.70808914441059,-26.0,-170.0,-13.0,-26.0,-170.0,-13.0,58.0,63.123071776449756,5.1230717764497555,0.0,14.559473947621056,0.0,0.009046119533420355,0.006248133628394818,0.4110562793585564,-0.8676307636250462,885.7394635973774,-1500.3991221591978,1427.3913894765394,-2511.714208840444
5.760000000000003,RETURN_IDLE,9,-17.42805384585477,-143.4608417155737,-8.714026922927385,-20.698381255161983,-160.27986740887798,-10.013742841175116,-26.0,-170.0,-13.0,-26.0,-170.0,-13.0,58.0,61.66847752778624,3.668477527786237,0.0,17.183245563753133,0.0,0.1107087345725668,-0.09302404011458926,0.4705689570978114,-0.8791769916746736,1195.7963308014437,-1734.3050480369093,1604.6369282048047,-2508.1084725777846
5.790000000000004,RETURN_IDLE,9,-14.57073846113969,-139.61445562076494,-7.285369230569845,-18.501948393524497,-157.73025492924234,-8.937748128734775,-26.0,-170.0,-13.0,-26.0,-170.0,-13.0,58.0,60.74005078248023,2.740050782480232,0.0,18.610936358512745,0.0,0.19401241154151125,-0.1710725945594804,0.5222661010448258,-0.8768220566684591,1316.5042005277023,-1729.497175019,1716.922754390395,-2451.406480637979
5.820000000000004,RETURN_IDLE,9,-11.713423076424611,-135.76806952595618,-5.856711538212306,-16.328141656907235,-155.62990716046713,-7.943853125701004,-26.0,-170.0,-13.0,-26.0,-170.0,-13.0,58.0,59.51716281504311,1.5171628150431076,0.0,20.49742378453819,0.0,0.3016466067919851,-0.2750426985716441,0.5851689826208876,-0.8838097731478511,1594.9557158904454,-1899.7857432231976,1890.7217405671563,-2459.6698166577617
5.850000000000004,RETURN_IDLE,9,-8.856107691709532,-131.92168343114741,-4.428053845854766,-13.872473960998565,-152.8308348855934,-6.7529845434630635,-26.0,-170.0,-13.0,-26.0,-170.0,-13.0,58.0,58.64810692901389,0.6481069290138919,0.0,21.627802658645248,0.0,0.3980341528194391,-0.3660447379406887,0.6405359437890052,-0.8767360395592014,1750.7162532905231,-1937.829926993626,2003.3055157056365,-2396.1477677944936
5.880000000000004,RETURN_IDLE,9,-5.99879230699445,-128.07529733633865,-2.999396153497225,-11.41162122750476,-150.36730918117013,-5.595414035568709,-26.0,-170.0,-13.0,-26.0,-170.0,-13.0,58.0,57.654188349125654,-0.34581165087434584,0.0,23.086182401099897,0.0,0.5108611969132444,-0.4731032313625931,0.7039710052092873,-0.8762735080239252,2000.2069639290628,-2076.480185335693,2163.467764816087,-2392.7190724172615
5.910000000000005,RETURN_IDLE,9,-3.1414769222793666,-124.2289112415299,-1.5707384611396833,-8.796761684820533,-147.4337429700401,-4.321289148683095,-26.0,-170.0,-13.0,-26.0,-170.0,-13.0,58.0,56.90694780589276,-1.093052194107237,0.0,24.041879926050907,0.0,0.6176334617632424,-0.5720285743038818,0.7610033875877713,-0.864007431511776,2163.968117743347,-2129.446659113922,2271.94807236101,-2331.956984208527
5.940000000000005,RETURN_IDLE,9,-0.284161537564283,-120.38252514672115,-0.1420807687821415,-6.16215696486309,-144.73439535001359,-3.0488614445740128,-26.0,-170.0,-13.0,-26.0,-170.0,-13.0,58.0,56.12296246180425,-1.8770375381957507,0.0,25.219313760261297,0.0,0.7374972703362954,-0.6826307997129628,0.8238286385358233,-0.8553668674004778,2384.864497568368,-2246.1717948574237,2415.2989186594245,-2315.3785584317825
5.970000000000005,RETURN_IDLE,9,0.0,-120.0,0.0,-3.4307087310209408,-141.70844451985818,-1.6985779506191296,-26.0,-170.0,-13.0,-26.0,-170.0,-13.0,58.0,56.475902989369786,-1.5240970106302143,0.0,22.043400212380877,0.0,0.771452350470723,-0.690555095250481,0.8500075661059647,-0.845520486660721,2271.9120967567783,-2008.4183726023548,2407.642020490477,-2288.606163871518
6.000000000000005,DONE,10,0.0,-120.0,0.0,-2.395476343867922,-140.92904004059358,-1.2133246752641806,-26.0,-170.0,-13.0,-26.0,-170.0,-13.0,58.0,56.37583997114316,-1.624160028856842,0.0,21.10059669067216,0.0,0.8352141451050193,-0.7577358579724095,0.874464648062681,-0.8358665949631253,2484.14094058052,-2269.611976832838,2471.0889287187515,-2264.9038105431587
